{"accuracy": 0.8984635938543755, "f1_score": 0.8940626566182877, "roc_auc": 0.0, "confusion_matrix": [[1071, 0, 0, 19, 0, 0, 0, 0, 0, 0, 0, 0, 0, 0, 0, 1, 0, 11, 0], [1, 0, 0, 0, 0, 0, 0, 0, 0, 0, 0, 0, 0, 0, 0, 0, 0, 0, 0], [0, 0, 0, 1, 0, 0, 0, 0, 0, 0, 0, 0, 0, 0, 0, 0, 0, 0, 0], [13, 0, 0, 201, 1, 0, 0, 0, 0, 0, 0, 0, 0, 0, 3, 0, 5, 17, 0], [0, 0, 0, 1, 0, 0, 0, 0, 0, 0, 0, 0, 0, 0, 0, 0, 0, 0, 0], [0, 0, 0, 0, 0, 0, 0, 0, 0, 0, 0, 0, 0, 0, 0, 0, 0, 1, 0], [0, 0, 0, 0, 0, 0, 2, 0, 0, 0, 0, 0, 0, 0, 0, 0, 0, 0, 0], [0, 0, 0, 0, 0, 0, 0, 0, 0, 0, 0, 0, 0, 0, 0, 0, 0, 1, 0], [0, 0, 0, 2, 0, 0, 0, 0, 1, 0, 0, 0, 0, 0, 0, 0, 0, 2, 0], [0, 0, 0, 0, 0, 0, 0, 0, 0, 0, 0, 0, 0, 0, 0, 0, 0, 1, 0], [0, 0, 0, 0, 0, 0, 0, 0, 0, 0, 1, 0, 0, 0, 0, 0, 0, 0, 0], [1, 0, 0, 1, 0, 0, 0, 0, 0, 0, 0, 26, 0, 0, 0, 0, 0, 0, 0], [1, 0, 0, 0, 0, 0, 0, 0, 0, 0, 0, 2, 0, 0, 0, 0, 0, 0, 0], [2, 0, 0, 0, 0, 0, 0, 0, 0, 0, 0, 0, 0, 0, 0, 0, 0, 0, 0], [0, 0, 0, 9, 0, 0, 0, 0, 0, 0, 0, 0, 0, 0, 7, 0, 0, 3, 0], [0, 0, 0, 2, 0, 0, 0, 0, 0, 0, 0, 0, 0, 0, 0, 2, 0, 0, 0], [0, 0, 0, 4, 0, 0, 0, 0, 1, 0, 0, 0, 0, 0, 2, 0, 4, 0, 0], [8, 0, 0, 31, 0, 0, 0, 0, 0, 0, 0, 0, 0, 0, 2, 1, 2, 29, 0], [0, 0, 0, 0, 0, 0, 0, 0, 0, 0, 0, 0, 0, 0, 0, 0, 0, 0, 1]], "classes": ["Communications", "Communications/Maritime Tracking", "Communications/Technology Development", "Earth Observation", "Earth Observation ", "Earth Observation/Communications", "Earth Observation/Navigation", "Earth Observation/Technology Development", "Earth Science", "Earth/Space Observation", "Meteorological", "Mission Extension Technology", "Navigation/Global Positioning", "Navigation/Regional Positioning", "Space Observation", "Space Science", "Surveillance", "Technology Demonstration", "Technology Development", "Technology Development/Educational", "Unknown"], "feature_importance": {"Inclination": 0.17039836361165697, "Eccentricity": 0.20501071340977606, "Period_minutes": 0.1769673503893894, "Perigee": 0.22300288489149295, "Apogee": 0.22462068769768467}, "classification_report": {"0": {"precision": 0.9762989972652689, "recall": 0.9718693284936479, "f1-score": 0.9740791268758526, "support": 1102.0}, "1": {"precision": 0.0, "recall": 0.0, "f1-score": 0.0, "support": 1.0}, "2": {"precision": 0.0, "recall": 0.0, "f1-score": 0.0, "support": 1.0}, "3": {"precision": 0.7416974169741697, "recall": 0.8375, "f1-score": 0.786692759295499, "support": 240.0}, "4": {"precision": 0.0, "recall": 0.0, "f1-score": 0.0, "support": 1.0}, "5": {"precision": 0.0, "recall": 0.0, "f1-score": 0.0, "support": 1.0}, "6": {"precision": 1.0, "recall": 1.0, "f1-score": 1.0, "support": 2.0}, "7": {"precision": 0.0, "recall": 0.0, "f1-score": 0.0, "support": 1.0}, "8": {"precision": 0.5, "recall": 0.2, "f1-score": 0.2857142857142857, "support": 5.0}, "9": {"precision": 0.0, "recall": 0.0, "f1-score": 0.0, "support": 1.0}, "10": {"precision": 1.0, "recall": 1.0, "f1-score": 1.0, "support": 1.0}, "12": {"precision": 0.9285714285714286, "recall": 0.9285714285714286, "f1-score": 0.9285714285714286, "support": 28.0}, "13": {"precision": 0.0, "recall": 0.0, "f1-score": 0.0, "support": 3.0}, "14": {"precision": 0.0, "recall": 0.0, "f1-score": 0.0, "support": 2.0}, "15": {"precision": 0.5, "recall": 0.3684210526315789, "f1-score": 0.42424242424242425, "support": 19.0}, "16": {"precision": 0.5, "recall": 0.5, "f1-score": 0.5, "support": 4.0}, "17": {"precision": 0.36363636363636365, "recall": 0.36363636363636365, "f1-score": 0.36363636363636365, "support": 11.0}, "18": {"precision": 0.4461538461538462, "recall": 0.3972602739726027, "f1-score": 0.42028985507246375, "support": 73.0}, "20": {"precision": 1.0, "recall": 1.0, "f1-score": 1.0, "support": 1.0}, "accuracy": 0.8984635938543755, "macro avg": {"precision": 0.41875568697900406, "recall": 0.3982767603845064, "f1-score": 0.40438032860043777, "support": 1497.0}, "weighted avg": {"precision": 0.8914215803803325, "recall": 0.8984635938543755, "f1-score": 0.8940626566182877, "support": 1497.0}}, "sample_size": 7485, "timestamp": "2025-12-21T22:07:32.101247"}